{"frames":{"lion":{"frame":{"x":0,"y":0,"w":82,"h":82},"rotated":false,"trimmed":false,"spriteSourceSize":{"x":0,"y":0,"w":82,"h":82},"sourceSize":{"w":82,"h":82}},"panda":{"frame":{"x":82,"y":0,"w":82,"h":82},"rotated":false,"trimmed":false,"spriteSourceSize":{"x":0,"y":0,"w":82,"h":82},"sourceSize":{"w":82,"h":82}},"elephant":{"frame":{"x":0,"y":82,"w":82,"h":82},"rotated":false,"trimmed":false,"spriteSourceSize":{"x":0,"y":0,"w":82,"h":82},"sourceSize":{"w":82,"h":82}}},"meta":{"app":"https://www.leshylabs.com/apps/sstool/","version":"Leshy SpriteSheet Tool v0.8.4","image":"hardAnimalSheet.png","size":{"w":164,"h":164},"scale":1}}