{"frames":{"llama":{"frame":{"x":0,"y":0,"w":66,"h":66},"rotated":false,"trimmed":false,"spriteSourceSize":{"x":0,"y":0,"w":66,"h":66},"sourceSize":{"w":66,"h":66}},"deer":{"frame":{"x":66,"y":0,"w":66,"h":66},"rotated":false,"trimmed":false,"spriteSourceSize":{"x":0,"y":0,"w":66,"h":66},"sourceSize":{"w":66,"h":66}},"whale":{"frame":{"x":132,"y":0,"w":66,"h":66},"rotated":false,"trimmed":false,"spriteSourceSize":{"x":0,"y":0,"w":66,"h":66},"sourceSize":{"w":66,"h":66}},"bear":{"frame":{"x":0,"y":66,"w":66,"h":66},"rotated":false,"trimmed":false,"spriteSourceSize":{"x":0,"y":0,"w":66,"h":66},"sourceSize":{"w":66,"h":66}},"pig":{"frame":{"x":66,"y":66,"w":66,"h":66},"rotated":false,"trimmed":false,"spriteSourceSize":{"x":0,"y":0,"w":66,"h":66},"sourceSize":{"w":66,"h":66}}},"meta":{"app":"https://www.leshylabs.com/apps/sstool/","version":"Leshy SpriteSheet Tool v0.8.4","image":"medAnimalSheet.png","size":{"w":198,"h":198},"scale":1}}